Item,Category,Updated
White Outline,Logos,"January 5, 2024 2:58 PM"
White Background,Logos,"January 5, 2024 11:02 AM"
Gameplay,Screenshots,"January 5, 2024 3:11 PM"
Personal features,Illustrations,"January 5, 2024 11:02 AM"
Templates,Illustrations,"January 5, 2024 11:02 AM"
Main Menu,Screenshots,"January 5, 2024 3:11 PM"
Office 3,Photos,"January 5, 2024 11:02 AM"
Trailer 1,Screenshots,"January 5, 2024 3:11 PM"
Office 4,Photos,"January 5, 2024 11:02 AM"
Office 6,Photos,"January 5, 2024 11:02 AM"
Characters,Illustrations,"January 5, 2024 11:02 AM"
Team portraits,Illustrations,"January 5, 2024 11:02 AM"
Team collaboration,Illustrations,"January 5, 2024 11:02 AM"
Mobile,Illustrations,"January 5, 2024 11:02 AM"
Office 5,Photos,"January 5, 2024 11:02 AM"
Office 1,Photos,"January 5, 2024 11:02 AM"
,,"January 5, 2024 11:02 AM"
Use cases,Illustrations,"January 5, 2024 11:02 AM"
Founder portrait,Illustrations,"January 5, 2024 11:02 AM"
Reversed,Logos,"January 5, 2024 11:02 AM"
Team features,Illustrations,"January 5, 2024 11:02 AM"
Office 2,Photos,"January 5, 2024 11:02 AM"
New media kit asset,,"January 5, 2024 2:54 PM"