Name,Created,Tags
Animation Careers,"November 25, 2023 8:31 PM",
Audio & Music Careers,"November 25, 2023 8:31 PM",
Business Careers,"November 25, 2023 8:31 PM",
Marketing Careers,"November 25, 2023 8:32 PM",
Engineering & Programming Careers,"November 25, 2023 8:32 PM",
Game Design Careers,"November 25, 2023 8:32 PM",
Infrastructure & Live Ops Careers,"November 25, 2023 8:33 PM",
Production Careers,"November 25, 2023 8:35 PM",
Quality Assurance Careers,"November 25, 2023 8:35 PM",
Art Careers,"November 25, 2023 8:36 PM",