Name,URL
Work With Indies,https://www.workwithindies.com/
Remote Game Jobs,https://remotegamejobs.com/
Hitmarker,https://hitmarker.net/
LinkedIn,https://www.linkedin.com/jobs/
WriteFinder,https://www.writefinder.com/#jobs
Games Jobs Direct,https://www.gamesjobsdirect.com/
InGame Job,https://ingamejob.com/
GamesIndustry.biz,https://jobs.gamesindustry.biz/
GameJobs.co,https://gamejobs.co/
GameJobs.com,https://jobs.gamejobs.com/jobs
IGDA Careers,https://careers.igda.org/
XP Game Jobs,https://xpgamejobs.com/
Grackle HQ,https://gracklehq.com/jobs
TEN.gg,https://ten.gg/jobs
Game Dev Jobs,https://gamedevjobs.com/
Glassdoor,https://www.glassdoor.com/Job/index.htm
Indeed,https://www.indeed.com/worldwide
Itch Jobs,https://itch.io/jobs
Artstation,https://www.artstation.com/jobs/all